Step,Living Noodles,Age,Health,Size,Speed,Sight,View,Rep,Loss
0,10,2.0,95.6126076951546,9.6,2.3,183.5,78.4,24.4,38.73923048454133
50,10,52.0,92.24299245288384,9.6,2.3,183.5,78.4,24.4,38.73923048454133
100,10,102.0,94.87337721061321,9.6,2.3,183.5,78.4,24.4,38.73923048454133
150,10,152.0,95.50376196834256,9.6,2.3,183.5,78.4,24.4,38.73923048454133
200,10,202.0,86.13414672607185,9.6,2.3,183.5,78.4,24.4,38.73923048454133
250,9,252.0,85.41503498200147,9.666666666666666,2.4444444444444446,172.77777777777774,81.33333333333333,24.33333333333333,38.26581164949036
300,9,302.0,73.64101804614523,9.666666666666666,2.4444444444444446,172.77777777777774,81.33333333333333,24.33333333333333,38.26581164949036
350,9,352.0,64.56811222140006,9.666666666666666,2.4444444444444446,172.77777777777774,81.33333333333333,24.33333333333333,38.26581164949036
400,9,402.0,59.61187306332154,9.666666666666666,2.4444444444444446,172.77777777777774,81.33333333333333,24.33333333333333,38.26581164949036
450,8,452.0,67.93758814339847,9.75,2.625,157.25,79.125,24.0,37.04903810567666
500,6,502.0,90.93075878741348,9.666666666666666,2.6666666666666665,146.16666666666666,84.66666666666667,24.5,36.398717474235546
550,6,552.0,89.39806671696233,9.666666666666666,2.6666666666666665,146.16666666666666,84.66666666666667,24.5,36.398717474235546
600,6,602.0,87.08870797984453,9.666666666666666,2.6666666666666665,146.16666666666666,84.66666666666667,24.5,36.398717474235546
650,6,652.0,95.55601590939341,9.666666666666666,2.6666666666666665,146.16666666666666,84.66666666666667,24.5,36.398717474235546
700,6,702.0,94.0233238389423,9.666666666666666,2.6666666666666665,146.16666666666666,84.66666666666667,24.5,36.398717474235546
750,5,752.0,107.18875812218918,9.6,3.0,142.8,89.0,26.2,37.078460969082656
800,5,802.0,98.66352763764786,9.6,3.0,142.8,89.0,26.2,37.078460969082656
850,5,852.0,112.41116404088093,9.6,3.0,142.8,89.0,26.2,37.078460969082656
900,5,902.0,111.06974872459088,9.6,3.0,142.8,89.0,26.2,37.078460969082656
950,5,952.0,106.72985660479358,9.6,3.0,142.8,89.0,26.2,37.078460969082656
1000,5,802.2,117.05549522860431,9.4,3.6,143.2,89.8,27.2,38.478460969082654
1050,5,852.2,101.8162647440629,9.4,3.6,143.2,89.8,27.2,38.478460969082654
1100,5,902.2,110.78411084097095,9.4,3.6,143.2,89.8,27.2,38.478460969082654
1150,5,952.2,111.54488035642963,9.4,3.6,143.2,89.8,27.2,38.478460969082654
1200,4,952.25,140.01706233986104,9.0,3.5,109.25,91.75,27.0,34.59807621135332
1250,4,1002.25,147.71802423418438,9.0,3.5,109.25,91.75,27.0,34.59807621135332
1300,4,1052.25,171.5626546432844,9.0,3.5,109.25,91.75,27.0,34.59807621135332
1350,4,1102.25,168.27896170927488,9.0,3.5,109.25,91.75,27.0,34.59807621135332
1400,4,1152.25,166.48876933041043,9.0,3.5,109.25,91.75,27.0,34.59807621135332
1450,4,1202.25,172.0729809471616,9.0,3.5,109.25,91.75,27.0,34.59807621135332
1500,4,1252.25,167.19958694058522,9.0,3.5,109.25,91.75,27.0,34.59807621135332
1550,4,1302.25,166.46885608594778,9.0,3.5,109.25,91.75,27.0,34.59807621135332
1600,4,1352.25,159.1698179802711,9.0,3.5,109.25,91.75,27.0,34.59807621135332
1650,4,1402.25,166.05077987459455,9.0,3.5,109.25,91.75,27.0,34.59807621135332
1700,4,1452.25,162.85924176891785,9.0,3.5,109.25,91.75,27.0,34.59807621135332
1750,4,1502.25,151.6452036632412,9.0,3.5,109.25,91.75,27.0,34.59807621135332
1800,4,1552.25,156.56268387021063,9.0,3.5,109.25,91.75,27.0,34.59807621135332
1850,4,1602.25,155.58503015216718,9.0,3.5,109.25,91.75,27.0,34.59807621135332
1900,4,1652.25,144.29668424030712,9.0,3.5,109.25,91.75,27.0,34.59807621135332
1950,4,1702.25,152.1163768042201,9.0,3.5,109.25,91.75,27.0,34.59807621135332
2000,5,1402.6,138.8358709588347,8.8,3.6,98.6,91.6,27.8,33.67846096908264
2050,5,1452.6,132.29064047429335,8.8,3.6,98.6,91.6,27.8,33.67846096908264
2100,5,1502.6,119.45140998975205,8.8,3.6,98.6,91.6,27.8,33.67846096908264
2150,5,1552.6,134.61217950521078,8.8,3.6,98.6,91.6,27.8,33.67846096908264
2200,5,1602.6,145.77294902066942,8.8,3.6,98.6,91.6,27.8,33.67846096908264
2250,5,1652.6,156.98026252348654,8.8,3.6,98.6,91.6,27.8,33.67846096908264
2300,5,1702.6,149.5519155013379,8.8,3.6,98.6,91.6,27.8,33.67846096908264
2350,5,1752.6,146.8196846467003,8.8,3.6,98.6,91.6,27.8,33.67846096908264
2400,5,1802.6,149.1029694414393,8.8,3.6,98.6,91.6,27.8,33.67846096908264
2450,5,1852.6,141.6648464670045,8.8,3.6,98.6,91.6,27.8,33.67846096908264
2500,5,1902.6,133.82862315948282,8.8,3.6,98.6,91.6,27.8,33.67846096908264
2550,5,1952.6,128.70265408813972,8.8,3.6,98.6,91.6,27.8,33.67846096908264
2600,5,2002.6,134.9078310026758,8.8,3.6,98.6,91.6,27.8,33.67846096908264
2650,5,2052.6,129.7617849797867,8.8,3.6,98.6,91.6,27.8,33.67846096908264
2700,5,2102.6,123.09481553834739,8.8,3.6,98.6,91.6,27.8,33.67846096908264
2750,5,2152.6,117.72320784319277,8.8,3.6,98.6,91.6,27.8,33.67846096908264
2800,5,2202.6,122.48023085463731,8.8,3.6,98.6,91.6,27.8,33.67846096908264
2850,5,2252.6,118.007761598246,8.8,3.6,98.6,91.6,27.8,33.67846096908264
2900,5,2302.6,122.62642323350198,8.8,3.6,98.6,91.6,27.8,33.67846096908264
2950,5,2352.6,117.66923877184976,8.8,3.6,98.6,91.6,27.8,33.67846096908264
3000,7,1717.142857142857,113.851593467598,9.0,3.571428571428572,105.42857142857143,94.85714285714286,27.285714285714285,34.6554938954457
3050,7,1767.142857142857,111.2542420591992,9.0,3.571428571428572,105.42857142857143,94.85714285714286,27.285714285714285,34.6554938954457
3100,7,1817.142857142857,116.91217060419235,9.0,3.571428571428572,105.42857142857143,94.85714285714286,27.285714285714285,34.6554938954457
3150,7,1867.142857142857,110.14087405544136,9.0,3.571428571428572,105.42857142857143,94.85714285714286,27.285714285714285,34.6554938954457
3200,6,1869.5,118.80999432756435,9.0,3.5,113.66666666666669,95.5,26.66666666666667,35.26474287801997
3250,6,1919.5,116.0301804171657,9.0,3.5,113.66666666666669,95.5,26.66666666666667,35.26474287801997
3300,6,1969.5,120.60515464328482,9.0,3.5,113.66666666666669,95.5,26.66666666666667,35.26474287801997
3350,6,2019.5,121.79285361982649,9.0,3.5,113.66666666666669,95.5,26.66666666666667,35.26474287801997
3400,5,2202.6,144.38701694471345,9.2,3.4,125.2,96.4,25.8,36.31769145362398
3450,5,2252.6,154.14817876501752,9.2,3.4,125.2,96.4,25.8,36.31769145362398
3500,5,2302.6,149.54058616409532,9.2,3.4,125.2,96.4,25.8,36.31769145362398
3550,5,2352.6,148.26661709275214,9.2,3.4,125.2,96.4,25.8,36.31769145362398
3600,5,2402.6,137.2302866452205,9.2,3.4,125.2,96.4,25.8,36.31769145362398
3650,5,2452.6,144.4009407333605,9.2,3.4,125.2,96.4,25.8,36.31769145362398
3700,5,2502.6,149.5544405483122,9.2,3.4,125.2,96.4,25.8,36.31769145362398
3750,5,2552.6,146.47607917212358,9.2,3.4,125.2,96.4,25.8,36.31769145362398
3800,5,2602.6,139.62579474747994,9.2,3.4,125.2,96.4,25.8,36.31769145362398
3850,5,2652.6,126.29079511757622,9.2,3.4,125.2,96.4,25.8,36.31769145362398
3900,5,2702.6,142.240195339634,9.2,3.4,125.2,96.4,25.8,36.31769145362398
3950,5,2752.6,144.72229567272066,9.2,3.4,125.2,96.4,25.8,36.31769145362398
4000,6,2336.1666666666665,141.6402658785512,9.333333333333334,3.333333333333333,135.83333333333334,96.83333333333331,25.0,37.29743494847109
4050,6,2386.1666666666665,148.45329115896985,9.333333333333334,3.333333333333333,135.83333333333334,96.83333333333331,25.0,37.29743494847109
4100,6,2436.1666666666665,148.14471451583745,9.333333333333334,3.333333333333333,135.83333333333334,96.83333333333331,25.0,37.29743494847109
4150,6,2486.1666666666665,149.14738525119083,9.333333333333334,3.333333333333333,135.83333333333334,96.83333333333331,25.0,37.29743494847109
4200,6,2536.1666666666665,150.65371241862618,9.333333333333334,3.333333333333333,135.83333333333334,96.83333333333331,25.0,37.29743494847109
4250,6,2586.1666666666665,148.43271278872243,9.333333333333334,3.333333333333333,135.83333333333334,96.83333333333331,25.0,37.29743494847109
4300,6,2636.1666666666665,142.59707214266734,9.333333333333334,3.333333333333333,135.83333333333334,96.83333333333331,25.0,37.29743494847109
4350,6,2686.1666666666665,133.94835466843176,9.333333333333334,3.333333333333333,135.83333333333334,96.83333333333331,25.0,37.29743494847109
4400,6,2736.1666666666665,135.29963719419618,9.333333333333334,3.333333333333333,135.83333333333334,96.83333333333331,25.0,37.29743494847109
4450,6,2786.166666666666,126.80677790193424,9.333333333333334,3.333333333333333,135.83333333333334,96.83333333333331,25.0,37.29743494847109
4500,6,2836.166666666666,131.25244493869718,9.333333333333334,3.333333333333333,135.83333333333334,96.83333333333331,25.0,37.29743494847109
4550,6,2886.166666666666,130.1574895803683,9.333333333333334,3.333333333333333,135.83333333333334,96.83333333333331,25.0,37.29743494847109
4600,6,2936.166666666666,133.36768072557928,9.333333333333334,3.333333333333333,135.83333333333334,96.83333333333331,25.0,37.29743494847109
4650,6,2986.166666666666,136.61779011036543,9.333333333333334,3.333333333333333,135.83333333333334,96.83333333333331,25.0,37.29743494847109
4700,6,3036.166666666666,142.09275804722063,9.333333333333334,3.333333333333333,135.83333333333334,96.83333333333331,25.0,37.29743494847109
4750,6,3086.166666666666,137.31202121173314,9.333333333333334,3.333333333333333,135.83333333333334,96.83333333333331,25.0,37.29743494847109
4800,6,3136.166666666666,134.60502762436195,9.333333333333334,3.333333333333333,135.83333333333334,96.83333333333331,25.0,37.29743494847109
4850,6,3186.166666666666,130.12441904145086,9.333333333333334,3.333333333333333,135.83333333333334,96.83333333333331,25.0,37.29743494847109
4900,6,3236.166666666666,128.395970650895,9.333333333333334,3.333333333333333,135.83333333333334,96.83333333333331,25.0,37.29743494847109
4950,6,3286.166666666666,122.89391984332606,9.333333333333334,3.333333333333333,135.83333333333334,96.83333333333331,25.0,37.29743494847109
5000,8,2503.125,103.47042101470429,9.375,3.375,126.0,96.375,25.25,36.497595264191645
5050,7,2196.1428571428573,112.64042672298149,9.428571428571429,3.2857142857142856,136.0,97.14285714285714,24.42857142857143,37.28296601621903
5100,7,2246.1428571428573,113.99894371487196,9.428571428571429,3.2857142857142856,136.0,97.14285714285714,24.42857142857143,37.28296601621903
5150,7,2296.142857142857,117.59746070676228,9.428571428571429,3.2857142857142856,136.0,97.14285714285714,24.42857142857143,37.28296601621903
5200,6,2536.5,139.8398565805966,9.333333333333334,3.333333333333333,127.16666666666669,96.83333333333331,25.0,36.46410161513776
5250,6,2586.5,151.37928006082973,9.333333333333334,3.333333333333333,127.16666666666669,96.83333333333331,25.0,36.46410161513776
5300,6,2636.5,154.13410087731899,9.333333333333334,3.333333333333333,127.16666666666669,96.83333333333331,25.0,36.46410161513776
5350,6,2686.5,148.13706203144946,9.333333333333334,3.333333333333333,127.16666666666669,96.83333333333331,25.0,36.46410161513776
5400,6,2736.5,145.3610686908091,9.333333333333334,3.333333333333333,127.16666666666669,96.83333333333331,25.0,36.46410161513776
5450,6,2786.5,148.85111394930712,9.333333333333334,3.333333333333333,127.16666666666669,96.83333333333331,25.0,36.46410161513776
5500,6,2836.5,151.92730657490276,9.333333333333334,3.333333333333333,127.16666666666669,96.83333333333331,25.0,36.46410161513776
5550,6,2886.5,153.41959501983422,9.333333333333334,3.333333333333333,127.16666666666669,96.83333333333331,25.0,36.46410161513776
5600,6,2936.5,149.88473646776458,9.333333333333334,3.333333333333333,127.16666666666669,96.83333333333331,25.0,36.46410161513776
5650,6,2986.5,150.02158922403268,9.333333333333334,3.333333333333333,127.16666666666669,96.83333333333331,25.0,36.46410161513776
5700,6,3036.5,157.7765829347693,9.333333333333334,3.333333333333333,127.16666666666669,96.83333333333331,25.0,36.46410161513776
5750,6,3086.5,149.6778654605334,9.333333333333334,3.333333333333333,127.16666666666669,96.83333333333331,25.0,36.46410161513776
5800,6,3136.5,142.13914798629787,9.333333333333334,3.333333333333333,127.16666666666669,96.83333333333331,25.0,36.46410161513776
5850,6,3186.5,147.24043051206237,9.333333333333334,3.333333333333333,127.16666666666669,96.83333333333331,25.0,36.46410161513776
5900,6,3236.5,145.67504637116022,9.333333333333334,3.333333333333333,127.16666666666669,96.83333333333331,25.0,36.46410161513776
5950,6,3286.5,134.1096622302581,9.333333333333334,3.333333333333333,127.16666666666669,96.83333333333331,25.0,36.46410161513776
6000,7,2860.4285714285716,123.47223836230505,9.285714285714286,3.4285714285714284,117.57142857142857,96.0,25.857142857142854,35.82637281297521
6050,7,2910.4285714285716,119.84476624153179,9.285714285714286,3.4285714285714284,117.57142857142857,96.0,25.857142857142854,35.82637281297521
6100,7,2960.4285714285716,121.93157983504429,9.285714285714286,3.4285714285714284,117.57142857142857,96.0,25.857142857142854,35.82637281297521
6150,7,3010.4285714285716,122.30796934912055,9.285714285714286,3.4285714285714284,117.57142857142857,96.0,25.857142857142854,35.82637281297521
6200,7,3060.4285714285716,128.78708778804742,9.285714285714286,3.4285714285714284,117.57142857142857,96.0,25.857142857142854,35.82637281297521
6250,7,3110.4285714285716,122.59223624747126,9.285714285714286,3.4285714285714284,117.57142857142857,96.0,25.857142857142854,35.82637281297521
6300,7,3160.4285714285716,118.49485735637722,9.285714285714286,3.4285714285714284,117.57142857142857,96.0,25.857142857142854,35.82637281297521
6350,7,3210.4285714285716,128.32151144451714,9.285714285714286,3.4285714285714284,117.57142857142857,96.0,25.857142857142854,35.82637281297521
6400,7,3260.4285714285716,130.36037979193594,9.285714285714286,3.4285714285714284,117.57142857142857,96.0,25.857142857142854,35.82637281297521
6450,7,3310.4285714285716,137.37174261638071,9.285714285714286,3.4285714285714284,117.57142857142857,96.0,25.857142857142854,35.82637281297521
6500,7,3360.4285714285716,136.31484551736497,9.285714285714286,3.4285714285714284,117.57142857142857,96.0,25.857142857142854,35.82637281297521
6550,7,3410.4285714285716,130.06301062501822,9.285714285714286,3.4285714285714284,117.57142857142857,96.0,25.857142857142854,35.82637281297521
6600,7,3460.4285714285716,118.60803298127044,9.285714285714286,3.4285714285714284,117.57142857142857,96.0,25.857142857142854,35.82637281297521
6650,7,3510.4285714285716,121.98241784474152,9.285714285714286,3.4285714285714284,117.57142857142857,96.0,25.857142857142854,35.82637281297521
6700,7,3560.4285714285716,116.87937424252588,9.285714285714286,3.4285714285714284,117.57142857142857,96.0,25.857142857142854,35.82637281297521
6750,7,3610.4285714285716,112.94535257359531,9.285714285714286,3.4285714285714284,117.57142857142857,96.0,25.857142857142854,35.82637281297521
6800,7,3660.4285714285716,110.60545172278069,9.285714285714286,3.4285714285714284,117.57142857142857,96.0,25.857142857142854,35.82637281297521
6850,6,3186.833333333333,134.43487988716944,9.5,3.5,114.5,97.66666666666669,26.0,36.09807621135332
6900,6,3236.833333333333,141.49025835563538,9.5,3.5,114.5,97.66666666666669,26.0,36.09807621135332
6950,6,3286.833333333333,146.77455358329203,9.5,3.5,114.5,97.66666666666669,26.0,36.09807621135332
7000,8,2503.875,130.77566527999304,9.375,3.625,101.625,98.0,27.25,35.198557158514994
7050,8,2553.875,132.46619811357812,9.375,3.625,101.625,98.0,27.25,35.198557158514994
7100,8,2603.875,126.44927525017216,9.375,3.625,101.625,98.0,27.25,35.198557158514994
7150,8,2653.875,121.27627543522031,9.375,3.625,101.625,98.0,27.25,35.198557158514994
7200,8,2703.875,117.21092462136455,9.375,3.625,101.625,98.0,27.25,35.198557158514994
7250,8,2753.875,131.89836709275346,9.375,3.625,101.625,98.0,27.25,35.198557158514994
7300,7,3018.142857142857,145.5435296239675,9.428571428571429,3.571428571428572,107.57142857142857,99.0,26.714285714285715,35.6554938954457
7350,7,3068.142857142857,149.67413424325645,9.428571428571429,3.571428571428572,107.57142857142857,99.0,26.714285714285715,35.6554938954457
7400,7,3118.142857142857,153.0561124685843,9.428571428571429,3.571428571428572,107.57142857142857,99.0,26.714285714285715,35.6554938954457
7450,7,3168.142857142857,169.21250198265983,9.428571428571429,3.571428571428572,107.57142857142857,99.0,26.714285714285715,35.6554938954457
7500,7,3218.142857142857,169.91770540747342,9.428571428571429,3.571428571428572,107.57142857142857,99.0,26.714285714285715,35.6554938954457
7550,7,3268.142857142857,167.5441617259515,9.428571428571429,3.571428571428572,107.57142857142857,99.0,26.714285714285715,35.6554938954457
7600,7,3318.142857142857,172.4878433496556,9.428571428571429,3.571428571428572,107.57142857142857,99.0,26.714285714285715,35.6554938954457
7650,7,3368.142857142857,165.66723925907556,9.428571428571429,3.571428571428572,107.57142857142857,99.0,26.714285714285715,35.6554938954457
7700,7,3418.142857142857,171.06475017284725,9.428571428571429,3.571428571428572,107.57142857142857,99.0,26.714285714285715,35.6554938954457
7750,7,3468.142857142857,162.41342614140126,9.428571428571429,3.571428571428572,107.57142857142857,99.0,26.714285714285715,35.6554938954457
7800,7,3518.142857142857,170.74212367314408,9.428571428571429,3.571428571428572,107.57142857142857,99.0,26.714285714285715,35.6554938954457
7850,7,3568.142857142857,168.2735689456733,9.428571428571429,3.571428571428572,107.57142857142857,99.0,26.714285714285715,35.6554938954457
7900,7,3618.142857142857,165.68153628366474,9.428571428571429,3.571428571428572,107.57142857142857,99.0,26.714285714285715,35.6554938954457
7950,7,3668.142857142857,163.7000085630507,9.428571428571429,3.571428571428572,107.57142857142857,99.0,26.714285714285715,35.6554938954457
8000,9,2892.888888888889,143.3809341892995,9.444444444444443,3.555555555555556,107.11111111111113,99.88888888888887,26.555555555555557,35.642734410091826
8050,9,2942.888888888889,158.6325327424449,9.444444444444443,3.555555555555556,107.11111111111113,99.88888888888887,26.555555555555557,35.642734410091826
8100,9,2992.888888888889,158.0711269793824,9.444444444444443,3.555555555555556,107.11111111111113,99.88888888888887,26.555555555555557,35.642734410091826
8150,9,3042.888888888889,152.0374776186681,9.444444444444443,3.555555555555556,107.11111111111113,99.88888888888887,26.555555555555557,35.642734410091826
8200,9,3092.888888888889,156.32591803475754,9.444444444444443,3.555555555555556,107.11111111111113,99.88888888888887,26.555555555555557,35.642734410091826
8250,9,3142.888888888889,169.3976528149453,9.444444444444443,3.555555555555556,107.11111111111113,99.88888888888887,26.555555555555557,35.642734410091826
8300,9,3192.888888888889,176.11776561046986,9.444444444444443,3.555555555555556,107.11111111111113,99.88888888888887,26.555555555555557,35.642734410091826
8350,9,3242.888888888889,170.4308726109811,9.444444444444443,3.555555555555556,107.11111111111113,99.88888888888887,26.555555555555557,35.642734410091826
8400,9,3292.888888888889,169.68718428103247,9.444444444444443,3.555555555555556,107.11111111111113,99.88888888888887,26.555555555555557,35.642734410091826
8450,9,3342.888888888889,162.97692818709749,9.444444444444443,3.555555555555556,107.11111111111113,99.88888888888887,26.555555555555557,35.642734410091826
8500,9,3392.888888888889,170.2010859540573,9.444444444444443,3.555555555555556,107.11111111111113,99.88888888888887,26.555555555555557,35.642734410091826
8550,9,3442.888888888889,165.57295359088212,9.444444444444443,3.555555555555556,107.11111111111113,99.88888888888887,26.555555555555557,35.642734410091826
8600,9,3492.888888888889,163.36808204906768,9.444444444444443,3.555555555555556,107.11111111111113,99.88888888888887,26.555555555555557,35.642734410091826
8650,9,3542.888888888889,158.8806932218614,9.444444444444443,3.555555555555556,107.11111111111113,99.88888888888887,26.555555555555557,35.642734410091826
8700,9,3592.888888888889,159.75437694775,9.444444444444443,3.555555555555556,107.11111111111113,99.88888888888887,26.555555555555557,35.642734410091826
8750,9,3642.888888888889,163.61718049940797,9.444444444444443,3.555555555555556,107.11111111111113,99.88888888888887,26.555555555555557,35.642734410091826
8800,9,3692.888888888889,164.19793283227958,9.444444444444443,3.555555555555556,107.11111111111113,99.88888888888887,26.555555555555557,35.642734410091826
8850,9,3742.888888888889,154.55145015879296,9.444444444444443,3.555555555555556,107.11111111111113,99.88888888888887,26.555555555555557,35.642734410091826
8900,9,3792.888888888889,155.47209142167497,9.444444444444443,3.555555555555556,107.11111111111113,99.88888888888887,26.555555555555557,35.642734410091826
8950,9,3842.888888888889,158.11407769173783,9.444444444444443,3.555555555555556,107.11111111111113,99.88888888888887,26.555555555555557,35.642734410091826
9000,11,3185.909090909091,149.1022420209321,9.454545454545457,3.5454545454545454,109.8181818181818,100.45454545454544,26.363636363636363,35.907342010321194
9050,11,3235.909090909091,146.89873527767526,9.454545454545457,3.5454545454545454,109.8181818181818,100.45454545454544,26.363636363636363,35.907342010321194
9100,11,3285.909090909091,145.1799728923925,9.454545454545457,3.5454545454545454,109.8181818181818,100.45454545454544,26.363636363636363,35.907342010321194
9150,11,3335.909090909091,143.80292409145247,9.454545454545457,3.5454545454545454,109.8181818181818,100.45454545454544,26.363636363636363,35.907342010321194
9200,11,3385.909090909091,143.63221457687382,9.454545454545457,3.5454545454545454,109.8181818181818,100.45454545454544,26.363636363636363,35.907342010321194
9250,11,3435.909090909091,143.75549086923436,9.454545454545457,3.5454545454545454,109.8181818181818,100.45454545454544,26.363636363636363,35.907342010321194
9300,11,3485.909090909091,143.1402005856838,9.454545454545457,3.5454545454545454,109.8181818181818,100.45454545454544,26.363636363636363,35.907342010321194
9350,11,3535.909090909091,139.65655393052543,9.454545454545457,3.5454545454545454,109.8181818181818,100.45454545454544,26.363636363636363,35.907342010321194
9400,11,3585.909090909091,143.46426045198314,9.454545454545457,3.5454545454545454,109.8181818181818,100.45454545454544,26.363636363636363,35.907342010321194
9450,11,3635.909090909091,146.56919066425738,9.454545454545457,3.5454545454545454,109.8181818181818,100.45454545454544,26.363636363636363,35.907342010321194
9500,11,3685.909090909091,147.98677375344838,9.454545454545457,3.5454545454545454,109.8181818181818,100.45454545454544,26.363636363636363,35.907342010321194
9550,11,3735.909090909091,149.7876866113158,9.454545454545457,3.5454545454545454,109.8181818181818,100.45454545454544,26.363636363636363,35.907342010321194
9600,11,3785.909090909091,153.6678964791681,9.454545454545457,3.5454545454545454,109.8181818181818,100.45454545454544,26.363636363636363,35.907342010321194
9650,11,3835.909090909091,156.72817563006902,9.454545454545457,3.5454545454545454,109.8181818181818,100.45454545454544,26.363636363636363,35.907342010321194
9700,11,3885.909090909091,147.64161275382622,9.454545454545457,3.5454545454545454,109.8181818181818,100.45454545454544,26.363636363636363,35.907342010321194
9750,11,3935.909090909091,139.90671718307536,9.454545454545457,3.5454545454545454,109.8181818181818,100.45454545454544,26.363636363636363,35.907342010321194
9800,11,3985.909090909091,145.89035354671168,9.454545454545457,3.5454545454545454,109.8181818181818,100.45454545454544,26.363636363636363,35.907342010321194
9850,11,4035.909090909091,153.0897832711328,9.454545454545457,3.5454545454545454,109.8181818181818,100.45454545454544,26.363636363636363,35.907342010321194
9900,11,4085.909090909091,150.88111552825382,9.454545454545457,3.5454545454545454,109.8181818181818,100.45454545454544,26.363636363636363,35.907342010321194
9950,11,4135.909090909091,153.1602170653176,9.454545454545457,3.5454545454545454,109.8181818181818,100.45454545454544,26.363636363636363,35.907342010321194
10000,13,3542.8461538461543,138.48342047310936,9.384615384615383,3.615384615384616,103.76923076923076,101.46153846153848,27.07692307692308,35.53698170104101
10050,13,3592.8461538461543,145.32845601767642,9.384615384615383,3.615384615384616,103.76923076923076,101.46153846153848,27.07692307692308,35.53698170104101
10100,13,3642.8461538461543,148.85241185030603,9.384615384615383,3.615384615384616,103.76923076923076,101.46153846153848,27.07692307692308,35.53698170104101
10150,13,3692.8461538461543,143.62962480454982,9.384615384615383,3.615384615384616,103.76923076923076,101.46153846153848,27.07692307692308,35.53698170104101
10200,13,3742.8461538461543,128.08484692250747,9.384615384615383,3.615384615384616,103.76923076923076,101.46153846153848,27.07692307692308,35.53698170104101
10250,13,3792.8461538461543,125.66404837967899,9.384615384615383,3.615384615384616,103.76923076923076,101.46153846153848,27.07692307692308,35.53698170104101
10300,13,3842.8461538461543,131.42017291377385,9.384615384615383,3.615384615384616,103.76923076923076,101.46153846153848,27.07692307692308,35.53698170104101
10350,12,3604.416666666666,141.25103323511524,9.416666666666666,3.583333333333333,107.75,101.0,26.75,35.831730176127756
10400,12,3654.416666666666,141.5039789745015,9.416666666666666,3.583333333333333,107.75,101.0,26.75,35.831730176127756
10450,12,3704.416666666666,139.60982205014352,9.416666666666666,3.583333333333333,107.75,101.0,26.75,35.831730176127756
10500,12,3754.416666666666,134.01448507871694,9.416666666666666,3.583333333333333,107.75,101.0,26.75,35.831730176127756
10550,11,3645.4545454545455,144.8921902268721,9.454545454545457,3.5454545454545454,112.45454545454544,101.9090909090909,26.363636363636363,36.27097837395756
10600,11,3695.4545454545455,132.00358557892926,9.454545454545457,3.5454545454545454,112.45454545454544,101.9090909090909,26.363636363636363,36.27097837395756
10650,11,3745.4545454545455,127.98432011641232,9.454545454545457,3.5454545454545454,112.45454545454544,101.9090909090909,26.363636363636363,36.27097837395756
10700,11,3795.4545454545455,130.51428547488806,9.454545454545457,3.5454545454545454,112.45454545454544,101.9090909090909,26.363636363636363,36.27097837395756
10750,11,3845.4545454545455,136.82429267235386,9.454545454545457,3.5454545454545454,112.45454545454544,101.9090909090909,26.363636363636363,36.27097837395756
10800,11,3895.4545454545455,148.79581011087424,9.454545454545457,3.5454545454545454,112.45454545454544,101.9090909090909,26.363636363636363,36.27097837395756
10850,11,3945.4545454545455,145.86694312811633,9.454545454545457,3.5454545454545454,112.45454545454544,101.9090909090909,26.363636363636363,36.27097837395756
10900,11,3995.4545454545455,151.97461810210595,9.454545454545457,3.5454545454545454,112.45454545454544,101.9090909090909,26.363636363636363,36.27097837395756
10950,11,4045.4545454545455,155.70485164705843,9.454545454545457,3.5454545454545454,112.45454545454544,101.9090909090909,26.363636363636363,36.27097837395756
11000,13,3466.1538461538457,144.0206290453277,9.461538461538463,3.5384615384615383,116.76923076923076,102.07692307692308,26.30769230769231,36.70591650278767
11050,13,3516.1538461538457,143.28157904401363,9.461538461538463,3.5384615384615383,116.76923076923076,102.07692307692308,26.30769230769231,36.70591650278767
11100,13,3566.1538461538457,144.4410674757696,9.461538461538463,3.5384615384615383,116.76923076923076,102.07692307692308,26.30769230769231,36.70591650278767
11150,13,3616.1538461538457,143.1040854900391,9.461538461538463,3.5384615384615383,116.76923076923076,102.07692307692308,26.30769230769231,36.70591650278767
11200,13,3666.1538461538457,139.0091390204066,9.461538461538463,3.5384615384615383,116.76923076923076,102.07692307692308,26.30769230769231,36.70591650278767
11250,13,3716.1538461538457,146.05722479403929,9.461538461538463,3.5384615384615383,116.76923076923076,102.07692307692308,26.30769230769231,36.70591650278767
11300,13,3766.1538461538457,143.8461920952716,9.461538461538463,3.5384615384615383,116.76923076923076,102.07692307692308,26.30769230769231,36.70591650278767
11350,13,3816.1538461538457,141.9160464448881,9.461538461538463,3.5384615384615383,116.76923076923076,102.07692307692308,26.30769230769231,36.70591650278767
11400,13,3866.1538461538457,140.3346472588809,9.461538461538463,3.5384615384615383,116.76923076923076,102.07692307692308,26.30769230769231,36.70591650278767
11450,13,3916.1538461538457,149.0867332602649,9.461538461538463,3.5384615384615383,116.76923076923076,102.07692307692308,26.30769230769231,36.70591650278767
11500,13,3966.1538461538457,143.88486371370956,9.461538461538463,3.5384615384615383,116.76923076923076,102.07692307692308,26.30769230769231,36.70591650278767
11550,13,4016.1538461538457,147.65765656493974,9.461538461538463,3.5384615384615383,116.76923076923076,102.07692307692308,26.30769230769231,36.70591650278767
11600,13,4066.1538461538457,154.32787364498952,9.461538461538463,3.5384615384615383,116.76923076923076,102.07692307692308,26.30769230769231,36.70591650278767
11650,13,4116.153846153846,157.8537939045825,9.461538461538463,3.5384615384615383,116.76923076923076,102.07692307692308,26.30769230769231,36.70591650278767
11700,13,4166.153846153846,153.58132952032184,9.461538461538463,3.5384615384615383,116.76923076923076,102.07692307692308,26.30769230769231,36.70591650278767
11750,13,4216.153846153846,148.8292704976386,9.461538461538463,3.5384615384615383,116.76923076923076,102.07692307692308,26.30769230769231,36.70591650278767
11800,13,4266.153846153846,144.22783243729333,9.461538461538463,3.5384615384615383,116.76923076923076,102.07692307692308,26.30769230769231,36.70591650278767
11850,13,4316.153846153846,144.80353362401013,9.461538461538463,3.5384615384615383,116.76923076923076,102.07692307692308,26.30769230769231,36.70591650278767
11900,13,4366.153846153846,144.5531166514849,9.461538461538463,3.5384615384615383,116.76923076923076,102.07692307692308,26.30769230769231,36.70591650278767
11950,13,4416.153846153846,144.19202214117246,9.461538461538463,3.5384615384615383,116.76923076923076,102.07692307692308,26.30769230769231,36.70591650278767
12000,17,3416.8235294117653,127.63247851013818,9.294117647058824,3.5882352941176467,108.76470588235294,103.41176470588236,26.823529411764714,36.021945115232135
12050,17,3466.8235294117653,125.51675702429401,9.294117647058824,3.5882352941176467,108.76470588235294,103.41176470588236,26.823529411764714,36.021945115232135
12100,17,3516.8235294117653,131.97577493460705,9.294117647058824,3.5882352941176467,108.76470588235294,103.41176470588236,26.823529411764714,36.021945115232135
12150,17,3566.8235294117653,145.04310757156782,9.294117647058824,3.5882352941176467,108.76470588235294,103.41176470588236,26.823529411764714,36.021945115232135
12200,17,3616.8235294117653,149.91983399761048,9.294117647058824,3.5882352941176467,108.76470588235294,103.41176470588236,26.823529411764714,36.021945115232135
12250,17,3666.8235294117653,151.56239085175937,9.294117647058824,3.5882352941176467,108.76470588235294,103.41176470588236,26.823529411764714,36.021945115232135
12300,17,3716.8235294117653,150.18200652943662,9.294117647058824,3.5882352941176467,108.76470588235294,103.41176470588236,26.823529411764714,36.021945115232135
12350,17,3766.8235294117653,154.55168057346614,9.294117647058824,3.5882352941176467,108.76470588235294,103.41176470588236,26.823529411764714,36.021945115232135
12400,17,3816.8235294117653,158.75094100314502,9.294117647058824,3.5882352941176467,108.76470588235294,103.41176470588236,26.823529411764714,36.021945115232135
12450,17,3866.8235294117653,162.99161311044938,9.294117647058824,3.5882352941176467,108.76470588235294,103.41176470588236,26.823529411764714,36.021945115232135
12500,17,3916.8235294117653,162.37816713528792,9.294117647058824,3.5882352941176467,108.76470588235294,103.41176470588236,26.823529411764714,36.021945115232135
12550,17,3966.8235294117653,161.54788422519292,9.294117647058824,3.5882352941176467,108.76470588235294,103.41176470588236,26.823529411764714,36.021945115232135
12600,17,4016.8235294117653,154.35277360745042,9.294117647058824,3.5882352941176467,108.76470588235294,103.41176470588236,26.823529411764714,36.021945115232135
12650,17,4066.8235294117653,156.74040713012988,9.294117647058824,3.5882352941176467,108.76470588235294,103.41176470588236,26.823529411764714,36.021945115232135
12700,17,4116.823529411765,157.8180430902534,9.294117647058824,3.5882352941176467,108.76470588235294,103.41176470588236,26.823529411764714,36.021945115232135
12750,17,4166.823529411765,157.43286191894072,9.294117647058824,3.5882352941176467,108.76470588235294,103.41176470588236,26.823529411764714,36.021945115232135
12800,17,4216.823529411765,156.86848643203817,9.294117647058824,3.5882352941176467,108.76470588235294,103.41176470588236,26.823529411764714,36.021945115232135
12850,17,4266.823529411765,160.54072420714,9.294117647058824,3.5882352941176467,108.76470588235294,103.41176470588236,26.823529411764714,36.021945115232135
12900,17,4316.823529411765,162.74743022011506,9.294117647058824,3.5882352941176467,108.76470588235294,103.41176470588236,26.823529411764714,36.021945115232135
12950,17,4366.823529411765,160.48274940801394,9.294117647058824,3.5882352941176467,108.76470588235294,103.41176470588236,26.823529411764714,36.021945115232135
13000,20,3755.3,145.0503371818599,9.25,3.6,105.7,102.75,26.95,35.67846096908264
13050,20,3805.3,147.32860858409745,9.25,3.6,105.7,102.75,26.95,35.67846096908264
13100,20,3855.3,145.14437809955612,9.25,3.6,105.7,102.75,26.95,35.67846096908264
13150,20,3905.3,149.3520487986111,9.25,3.6,105.7,102.75,26.95,35.67846096908264
13200,20,3955.3,152.9779624494675,9.25,3.6,105.7,102.75,26.95,35.67846096908264
13250,20,4005.3,160.71735268248594,9.25,3.6,105.7,102.75,26.95,35.67846096908264
13300,20,4055.3,156.80925290454348,9.25,3.6,105.7,102.75,26.95,35.67846096908264
13350,20,4105.3,159.04753581250338,9.25,3.6,105.7,102.75,26.95,35.67846096908264
13400,20,4155.3,151.03588568296962,9.25,3.6,105.7,102.75,26.95,35.67846096908264
13450,20,4205.3,145.4902589349765,9.25,3.6,105.7,102.75,26.95,35.67846096908264
13500,20,4255.3,149.85502260504998,9.25,3.6,105.7,102.75,26.95,35.67846096908264
13550,20,4305.3,144.6307555315147,9.25,3.6,105.7,102.75,26.95,35.67846096908264
13600,19,4552.631578947368,146.48282353002818,9.263157894736842,3.5789473684210527,108.10526315789473,103.36842105263158,26.73684210526316,35.87206417798174
13650,19,4602.631578947368,146.31228311686874,9.263157894736842,3.5789473684210527,108.10526315789473,103.36842105263158,26.73684210526316,35.87206417798174
13700,19,4652.631578947368,142.8115282831422,9.263157894736842,3.5789473684210527,108.10526315789473,103.36842105263158,26.73684210526316,35.87206417798174
13750,19,4702.631578947368,143.26523095277955,9.263157894736842,3.5789473684210527,108.10526315789473,103.36842105263158,26.73684210526316,35.87206417798174
13800,19,4752.631578947368,138.79495975315828,9.263157894736842,3.5789473684210527,108.10526315789473,103.36842105263158,26.73684210526316,35.87206417798174
13850,19,4802.631578947368,143.40440940958314,9.263157894736842,3.5789473684210527,108.10526315789473,103.36842105263158,26.73684210526316,35.87206417798174
13900,19,4852.631578947368,152.36466234488066,9.263157894736842,3.5789473684210527,108.10526315789473,103.36842105263158,26.73684210526316,35.87206417798174
13950,19,4902.631578947368,151.46788317170868,9.263157894736842,3.5789473684210527,108.10526315789473,103.36842105263158,26.73684210526316,35.87206417798174
14000,27,3487.1111111111113,135.8146471280105,9.25925925925926,3.592592592592593,108.8148148148148,102.44444444444444,27.296296296296298,35.8947287648064
14050,27,3537.1111111111113,136.92200339887452,9.25925925925926,3.592592592592593,108.8148148148148,102.44444444444444,27.296296296296298,35.8947287648064
14100,27,3587.1111111111113,136.54120146414655,9.25925925925926,3.592592592592593,108.8148148148148,102.44444444444444,27.296296296296298,35.8947287648064
14150,27,3637.111111111111,132.71718592590435,9.25925925925926,3.592592592592593,108.8148148148148,102.44444444444444,27.296296296296298,35.8947287648064
14200,27,3687.111111111111,126.47789131507471,9.25925925925926,3.592592592592593,108.8148148148148,102.44444444444444,27.296296296296298,35.8947287648064
14250,27,3737.111111111111,125.83218361043065,9.25925925925926,3.592592592592593,108.8148148148148,102.44444444444444,27.296296296296298,35.8947287648064
14300,26,3920.9230769230767,133.31123708769286,9.26923076923077,3.615384615384616,107.73076923076924,103.65384615384615,27.538461538461537,35.96005862411793
14350,26,3970.9230769230767,137.94581866379934,9.26923076923077,3.615384615384616,107.73076923076924,103.65384615384615,27.538461538461537,35.96005862411793
14400,26,4020.9230769230767,135.00420199862904,9.26923076923077,3.615384615384616,107.73076923076924,103.65384615384615,27.538461538461537,35.96005862411793
14450,26,4070.9230769230767,129.70246999154688,9.26923076923077,3.615384615384616,107.73076923076924,103.65384615384615,27.538461538461537,35.96005862411793
14500,26,4120.923076923077,128.203808959723,9.26923076923077,3.615384615384616,107.73076923076924,103.65384615384615,27.538461538461537,35.96005862411793
14550,26,4170.923076923077,133.89107806238212,9.26923076923077,3.615384615384616,107.73076923076924,103.65384615384615,27.538461538461537,35.96005862411793
14600,26,4220.923076923077,145.25538413250783,9.26923076923077,3.615384615384616,107.73076923076924,103.65384615384615,27.538461538461537,35.96005862411793
14650,26,4270.923076923077,145.45963550558662,9.26923076923077,3.615384615384616,107.73076923076924,103.65384615384615,27.538461538461537,35.96005862411793
14700,26,4320.923076923077,145.01980989865052,9.26923076923077,3.615384615384616,107.73076923076924,103.65384615384615,27.538461538461537,35.96005862411793
14750,26,4370.923076923077,144.3840260118518,9.26923076923077,3.615384615384616,107.73076923076924,103.65384615384615,27.538461538461537,35.96005862411793
14800,26,4420.923076923077,145.01016229923906,9.26923076923077,3.615384615384616,107.73076923076924,103.65384615384615,27.538461538461537,35.96005862411793
14850,26,4470.923076923077,139.87457864544785,9.26923076923077,3.615384615384616,107.73076923076924,103.65384615384615,27.538461538461537,35.96005862411793
14900,26,4520.923076923077,136.32565138523302,9.26923076923077,3.615384615384616,107.73076923076924,103.65384615384615,27.538461538461537,35.96005862411793
14950,26,4570.923076923077,138.81164694572092,9.26923076923077,3.615384615384616,107.73076923076924,103.65384615384615,27.538461538461537,35.96005862411793
15000,31,3618.774193548387,132.4992623256736,9.258064516129034,3.645161290322581,106.06451612903227,105.54838709677419,28.12903225806452,36.03734440805719
15050,31,3668.774193548387,131.19126254056832,9.258064516129034,3.645161290322581,106.06451612903227,105.54838709677419,28.12903225806452,36.03734440805719
15100,31,3718.774193548387,132.10270690950387,9.258064516129034,3.645161290322581,106.06451612903227,105.54838709677419,28.12903225806452,36.03734440805719
15150,31,3768.774193548387,129.5452537331044,9.258064516129034,3.645161290322581,106.06451612903227,105.54838709677419,28.12903225806452,36.03734440805719
15200,31,3818.774193548387,127.3689425377395,9.258064516129034,3.645161290322581,106.06451612903227,105.54838709677419,28.12903225806452,36.03734440805719
15250,31,3868.774193548387,128.4619104945696,9.258064516129034,3.645161290322581,106.06451612903227,105.54838709677419,28.12903225806452,36.03734440805719
15300,31,3918.774193548387,125.96670065597941,9.258064516129034,3.645161290322581,106.06451612903227,105.54838709677419,28.12903225806452,36.03734440805719
15350,31,3968.774193548387,125.49150358708643,9.258064516129034,3.645161290322581,106.06451612903227,105.54838709677419,28.12903225806452,36.03734440805719
15400,31,4018.774193548387,125.94558445311155,9.258064516129034,3.645161290322581,106.06451612903227,105.54838709677419,28.12903225806452,36.03734440805719
15450,31,4068.774193548387,130.30641834143645,9.258064516129034,3.645161290322581,106.06451612903227,105.54838709677419,28.12903225806452,36.03734440805719
15500,31,4118.774193548386,133.96242848556258,9.258064516129034,3.645161290322581,106.06451612903227,105.54838709677419,28.12903225806452,36.03734440805719
15550,31,4168.774193548386,131.86438282551478,9.258064516129034,3.645161290322581,106.06451612903227,105.54838709677419,28.12903225806452,36.03734440805719
15600,31,4218.774193548386,132.04426334045382,9.258064516129034,3.645161290322581,106.06451612903227,105.54838709677419,28.12903225806452,36.03734440805719
15650,31,4268.774193548386,129.91837024683514,9.258064516129034,3.645161290322581,106.06451612903227,105.54838709677419,28.12903225806452,36.03734440805719
15700,29,3637.1379310344832,138.58569722103906,9.20689655172414,3.689655172413793,100.34482758620688,106.0,28.62068965517241,35.61259902773654
15750,29,3687.1379310344832,138.28537089090068,9.20689655172414,3.689655172413793,100.34482758620688,106.0,28.62068965517241,35.61259902773654
15800,29,3737.1379310344832,130.89223049779372,9.20689655172414,3.689655172413793,100.34482758620688,106.0,28.62068965517241,35.61259902773654
15850,29,3787.1379310344832,138.08787924064478,9.20689655172414,3.689655172413793,100.34482758620688,106.0,28.62068965517241,35.61259902773654
15900,29,3837.1379310344832,138.27681276272395,9.20689655172414,3.689655172413793,100.34482758620688,106.0,28.62068965517241,35.61259902773654
15950,29,3887.1379310344832,132.92296944693672,9.20689655172414,3.689655172413793,100.34482758620688,106.0,28.62068965517241,35.61259902773654
16000,35,3263.4285714285716,122.95658100552272,9.257142857142858,3.6857142857142855,98.65714285714287,105.34285714285713,28.742857142857147,35.40450504713638
16050,34,3232.7647058823527,129.39202474411408,9.264705882352944,3.6764705882352944,99.41176470588236,105.29411764705885,28.676470588235286,35.445814019110976
16100,34,3282.7647058823527,130.01390261403455,9.264705882352944,3.6764705882352944,99.41176470588236,105.29411764705885,28.676470588235286,35.445814019110976
16150,33,3156.333333333333,133.41665738449768,9.272727272727273,3.6666666666666665,100.42424242424242,105.24242424242424,28.60606060606061,35.51992959544768
16200,33,3206.333333333333,132.4236051306207,9.272727272727273,3.6666666666666665,100.42424242424242,105.24242424242424,28.60606060606061,35.51992959544768
16250,33,3256.333333333333,130.35022767129243,9.272727272727273,3.6666666666666665,100.42424242424242,105.24242424242424,28.60606060606061,35.51992959544768
16300,33,3306.333333333333,129.33704214222738,9.272727272727273,3.6666666666666665,100.42424242424242,105.24242424242424,28.60606060606061,35.51992959544768
16350,33,3356.333333333333,131.91726961121805,9.272727272727273,3.6666666666666665,100.42424242424242,105.24242424242424,28.60606060606061,35.51992959544768
16400,33,3406.333333333333,134.5860926922823,9.272727272727273,3.6666666666666665,100.42424242424242,105.24242424242424,28.60606060606061,35.51992959544768
16450,33,3456.333333333333,135.44777004299726,9.272727272727273,3.6666666666666665,100.42424242424242,105.24242424242424,28.60606060606061,35.51992959544768
16500,33,3506.333333333333,132.80225720091707,9.272727272727273,3.6666666666666665,100.42424242424242,105.24242424242424,28.60606060606061,35.51992959544768
16550,33,3556.333333333333,139.96126398342608,9.272727272727273,3.6666666666666665,100.42424242424242,105.24242424242424,28.60606060606061,35.51992959544768
16600,33,3606.333333333334,137.59310216553766,9.272727272727273,3.6666666666666665,100.42424242424242,105.24242424242424,28.60606060606061,35.51992959544768
16650,32,3531.40625,147.18115390353668,9.25,3.6875,97.65625,105.4375,28.875,35.31129763209583
16700,32,3581.40625,150.86783557674542,9.25,3.6875,97.65625,105.4375,28.875,35.31129763209583
16750,32,3631.40625,150.08162860754882,9.25,3.6875,97.65625,105.4375,28.875,35.31129763209583
16800,32,3681.40625,143.4436010918731,9.25,3.6875,97.65625,105.4375,28.875,35.31129763209583
16850,32,3731.40625,148.25149421991608,9.25,3.6875,97.65625,105.4375,28.875,35.31129763209583
16900,32,3781.40625,149.5654750282914,9.25,3.6875,97.65625,105.4375,28.875,35.31129763209583
16950,32,3831.40625,150.9152648452183,9.25,3.6875,97.65625,105.4375,28.875,35.31129763209583
17000,43,2890.4418604651164,130.6453784264065,9.232558139534882,3.72093023255814,95.74418604651164,105.953488372093,28.744186046511633,35.27279817169037
17050,43,2940.4418604651164,133.46159906536593,9.232558139534882,3.72093023255814,95.74418604651164,105.953488372093,28.744186046511633,35.27279817169037
17100,43,2990.4418604651164,140.45977859583772,9.232558139534882,3.72093023255814,95.74418604651164,105.953488372093,28.744186046511633,35.27279817169037
17150,43,3040.4418604651164,144.7500960445025,9.232558139534882,3.72093023255814,95.74418604651164,105.953488372093,28.744186046511633,35.27279817169037
17200,43,3090.4418604651164,143.98448937704745,9.232558139534882,3.72093023255814,95.74418604651164,105.953488372093,28.744186046511633,35.27279817169037
17250,42,3209.0714285714284,149.99541185674244,9.285714285714286,3.7142857142857135,96.90476190476191,105.92857142857143,28.690476190476193,35.422150509111574
17300,42,3259.0714285714284,146.81571020822525,9.285714285714286,3.7142857142857135,96.90476190476191,105.92857142857143,28.690476190476193,35.422150509111574
17350,42,3309.0714285714284,149.03909005645602,9.285714285714286,3.7142857142857135,96.90476190476191,105.92857142857143,28.690476190476193,35.422150509111574
17400,42,3359.0714285714284,148.65432520988008,9.285714285714286,3.7142857142857135,96.90476190476191,105.92857142857143,28.690476190476193,35.422150509111574
17450,42,3409.0714285714284,148.57459294267892,9.285714285714286,3.7142857142857135,96.90476190476191,105.92857142857143,28.690476190476193,35.422150509111574
17500,41,3384.804878048781,147.9619063320257,9.268292682926827,3.731707317073171,93.75609756097559,106.09756097560977,28.87804878048781,35.159369974633634
17550,41,3434.804878048781,149.9707390711378,9.268292682926827,3.731707317073171,93.75609756097559,106.09756097560977,28.87804878048781,35.159369974633634
17600,41,3484.804878048781,145.06017616219353,9.268292682926827,3.731707317073171,93.75609756097559,106.09756097560977,28.87804878048781,35.159369974633634
17650,41,3534.804878048781,142.84606109060553,9.268292682926827,3.731707317073171,93.75609756097559,106.09756097560977,28.87804878048781,35.159369974633634
17700,41,3584.804878048781,141.55536571733322,9.268292682926827,3.731707317073171,93.75609756097559,106.09756097560977,28.87804878048781,35.159369974633634
17750,41,3634.804878048781,141.9146150486991,9.268292682926827,3.731707317073171,93.75609756097559,106.09756097560977,28.87804878048781,35.159369974633634
17800,41,3684.804878048781,140.73514646039456,9.268292682926827,3.731707317073171,93.75609756097559,106.09756097560977,28.87804878048781,35.159369974633634
17850,41,3734.804878048781,141.60196615170508,9.268292682926827,3.731707317073171,93.75609756097559,106.09756097560977,28.87804878048781,35.159369974633634
17900,41,3784.804878048781,139.43818827752688,9.268292682926827,3.731707317073171,93.75609756097559,106.09756097560977,28.87804878048781,35.159369974633634
17950,41,3834.804878048781,137.544341861597,9.268292682926827,3.731707317073171,93.75609756097559,106.09756097560977,28.87804878048781,35.159369974633634
18000,55,2897.9636363636364,127.28764980848415,9.436363636363636,3.727272727272727,93.56363636363636,106.05454545454545,29.163636363636364,35.31488688456011
18050,54,2983.0,131.27196117762358,9.425925925925926,3.7407407407407414,92.07407407407408,106.1851851851852,29.31481481481481,35.20597455977961
18100,54,3033.0,133.24639981680608,9.425925925925926,3.7407407407407414,92.07407407407408,106.1851851851852,29.31481481481481,35.20597455977961
18150,54,3083.0,137.93848295246758,9.425925925925926,3.7407407407407414,92.07407407407408,106.1851851851852,29.31481481481481,35.20597455977961
18200,54,3133.0,137.66564488936572,9.425925925925926,3.7407407407407414,92.07407407407408,106.1851851851852,29.31481481481481,35.20597455977961
18250,54,3183.0,138.49813045854194,9.425925925925926,3.7407407407407414,92.07407407407408,106.1851851851852,29.31481481481481,35.20597455977961
18300,53,3212.792452830189,142.7525605056669,9.415094339622641,3.7547169811320753,90.24528301886794,106.50943396226415,29.47169811320755,35.092952335950805
18350,53,3262.792452830189,144.4021896271787,9.415094339622641,3.7547169811320753,90.24528301886794,106.50943396226415,29.47169811320755,35.092952335950805
18400,53,3312.792452830189,144.16319919832918,9.415094339622641,3.7547169811320753,90.24528301886794,106.50943396226415,29.47169811320755,35.092952335950805
18450,53,3362.792452830189,148.2633777350991,9.415094339622641,3.7547169811320753,90.24528301886794,106.50943396226415,29.47169811320755,35.092952335950805
18500,53,3412.792452830189,150.44351883889573,9.415094339622641,3.7547169811320753,90.24528301886794,106.50943396226415,29.47169811320755,35.092952335950805
18550,52,3403.2884615384614,147.59182453963197,9.461538461538463,3.75,90.92307692307692,106.5,29.44230769230769,35.19089372702678
18600,51,3469.921568627451,148.88150025892574,9.450980392156863,3.7647058823529416,89.8235294117647,106.84313725490196,29.607843137254907,35.15157492907227
18650,51,3519.921568627451,149.00836325742208,9.450980392156863,3.7647058823529416,89.8235294117647,106.84313725490196,29.607843137254907,35.15157492907227
18700,51,3569.921568627451,149.6955649769215,9.450980392156863,3.7647058823529416,89.8235294117647,106.84313725490196,29.607843137254907,35.15157492907227
18750,51,3619.921568627451,148.35458590971797,9.450980392156863,3.7647058823529416,89.8235294117647,106.84313725490196,29.607843137254907,35.15157492907227
18800,51,3669.921568627451,146.0079731351765,9.450980392156863,3.7647058823529416,89.8235294117647,106.84313725490196,29.607843137254907,35.15157492907227
18850,50,3777.2,150.34409291334762,9.44,3.78,88.68,107.2,29.78,35.11068337919958
18900,50,3827.2,150.00693658815032,9.44,3.78,88.68,107.2,29.78,35.11068337919958
18950,50,3877.2,149.8901602703549,9.44,3.78,88.68,107.2,29.78,35.11068337919958
19000,60,3274.116666666667,138.6920661425965,9.45,3.816666666666667,86.66666666666669,108.28333333333332,30.03333333333333,35.13811922633985
19050,60,3324.116666666667,136.2758884769443,9.45,3.816666666666667,86.66666666666669,108.28333333333332,30.03333333333333,35.13811922633985
19100,60,3374.116666666667,139.25550277377204,9.45,3.816666666666667,86.66666666666669,108.28333333333332,30.03333333333333,35.13811922633985
19150,59,3242.237288135593,140.5411045549833,9.440677966101696,3.8305084745762716,85.81355932203391,108.44067796610169,30.186440677966104,35.103237307757354
19200,59,3292.237288135593,143.06181768885241,9.440677966101696,3.8305084745762716,85.81355932203391,108.44067796610169,30.186440677966104,35.103237307757354
19250,59,3342.237288135593,141.6914833033322,9.440677966101696,3.8305084745762716,85.81355932203391,108.44067796610169,30.186440677966104,35.103237307757354
19300,57,3325.070175438597,145.8725784049061,9.43859649122807,3.842105263157895,83.57894736842105,108.49122807017544,30.33333333333333,34.9104359427189
19350,57,3375.070175438597,148.18537183350858,9.43859649122807,3.842105263157895,83.57894736842105,108.49122807017544,30.33333333333333,34.9104359427189
19400,57,3425.070175438597,146.40501288771875,9.43859649122807,3.842105263157895,83.57894736842105,108.49122807017544,30.33333333333333,34.9104359427189
19450,57,3475.070175438597,147.19009866003574,9.43859649122807,3.842105263157895,83.57894736842105,108.49122807017544,30.33333333333333,34.9104359427189
19500,57,3525.070175438597,146.74439197440242,9.43859649122807,3.842105263157895,83.57894736842105,108.49122807017544,30.33333333333333,34.9104359427189
19550,56,3593.285714285714,151.13361930247888,9.428571428571429,3.8571428571428568,81.69642857142857,108.83928571428572,30.517857142857146,34.798191005576264
19600,56,3643.285714285714,151.45210730781972,9.428571428571429,3.8571428571428568,81.69642857142857,108.83928571428572,30.517857142857146,34.798191005576264
19650,55,3730.327272727273,154.25516511302274,9.418181818181818,3.872727272727273,79.07272727272728,109.14545454545454,30.69090909090909,34.59095534344661
19700,55,3780.327272727273,153.56320443712363,9.418181818181818,3.872727272727273,79.07272727272728,109.14545454545454,30.69090909090909,34.59095534344661
19750,55,3830.327272727273,154.28127562185762,9.418181818181818,3.872727272727273,79.07272727272728,109.14545454545454,30.69090909090909,34.59095534344661
19800,55,3880.327272727273,154.00323991672218,9.418181818181818,3.872727272727273,79.07272727272728,109.14545454545454,30.69090909090909,34.59095534344661
19850,55,3930.327272727273,150.99508012088742,9.418181818181818,3.872727272727273,79.07272727272728,109.14545454545454,30.69090909090909,34.59095534344661
19900,55,3980.327272727273,150.88087826632298,9.418181818181818,3.872727272727273,79.07272727272728,109.14545454545454,30.69090909090909,34.59095534344661
19950,55,4030.327272727273,149.11174353484273,9.418181818181818,3.872727272727273,79.07272727272728,109.14545454545454,30.69090909090909,34.59095534344661
20000,71,3162.887323943662,138.0064503819213,9.450704225352114,3.9014084507042255,77.46478873239437,109.08450704225352,30.929577464788732,34.56697927478838
20050,71,3212.887323943662,137.69259899039196,9.450704225352114,3.9014084507042255,77.46478873239437,109.08450704225352,30.929577464788732,34.56697927478838
20100,69,3310.8695652173915,142.7240801362409,9.434782608695652,3.927536231884058,75.52173913043478,108.95652173913044,31.159420289855074,34.41830758934148
20150,69,3360.8695652173915,144.19652320465966,9.434782608695652,3.927536231884058,75.52173913043478,108.95652173913044,31.159420289855074,34.41830758934148
20200,69,3410.8695652173915,142.29349059342402,9.434782608695652,3.927536231884058,75.52173913043478,108.95652173913044,31.159420289855074,34.41830758934148
20250,69,3460.8695652173915,141.39285342230724,9.434782608695652,3.927536231884058,75.52173913043478,108.95652173913044,31.159420289855074,34.41830758934148
20300,68,3557.9852941176473,144.80093614224708,9.441176470588236,3.9264705882352944,75.66176470588233,108.98529411764706,31.161764705882355,34.43916505389061
20350,68,3607.9852941176473,145.34579499111518,9.441176470588236,3.9264705882352944,75.66176470588233,108.98529411764706,31.161764705882355,34.43916505389061
20400,68,3657.9852941176473,146.91344986544036,9.441176470588236,3.9264705882352944,75.66176470588233,108.98529411764706,31.161764705882355,34.43916505389061
20450,68,3707.9852941176473,148.58587626693975,9.441176470588236,3.9264705882352944,75.66176470588233,108.98529411764706,31.161764705882355,34.43916505389061
20500,67,3746.8208955223877,149.097023452191,9.432835820895525,3.9402985074626864,74.74626865671642,109.13432835820896,31.31343283582089,34.39801598868441
20550,67,3796.8208955223877,150.20686847589624,9.432835820895525,3.9402985074626864,74.74626865671642,109.13432835820896,31.31343283582089,34.39801598868441
20600,67,3846.8208955223877,151.25068808597328,9.432835820895525,3.9402985074626864,74.74626865671642,109.13432835820896,31.31343283582089,34.39801598868441
20650,67,3896.8208955223877,150.16607633006487,9.432835820895525,3.9402985074626864,74.74626865671642,109.13432835820896,31.31343283582089,34.39801598868441
20700,67,3946.8208955223877,147.50778895571858,9.432835820895525,3.9402985074626864,74.74626865671642,109.13432835820896,31.31343283582089,34.39801598868441
20750,67,3996.8208955223877,149.35159074125892,9.432835820895525,3.9402985074626864,74.74626865671642,109.13432835820896,31.31343283582089,34.39801598868441
20800,67,4046.8208955223877,150.4932876162948,9.432835820895525,3.9402985074626864,74.74626865671642,109.13432835820896,31.31343283582089,34.39801598868441
20850,67,4096.820895522388,148.64843742759726,9.432835820895525,3.9402985074626864,74.74626865671642,109.13432835820896,31.31343283582089,34.39801598868441
20900,67,4146.820895522388,148.72773199024232,9.432835820895525,3.9402985074626864,74.74626865671642,109.13432835820896,31.31343283582089,34.39801598868441
20950,67,4196.820895522388,147.46994014157448,9.432835820895525,3.9402985074626864,74.74626865671642,109.13432835820896,31.31343283582089,34.39801598868441
21000,82,3471.707317073171,132.21599874084308,9.402439024390244,3.975609756097561,74.26829268292683,109.74390243902441,31.621951219512194,34.48923163803617
21050,82,3521.707317073171,130.1624149410619,9.402439024390244,3.975609756097561,74.26829268292683,109.74390243902441,31.621951219512194,34.48923163803617
21100,82,3571.707317073171,134.44628938915264,9.402439024390244,3.975609756097561,74.26829268292683,109.74390243902441,31.621951219512194,34.48923163803617
21150,81,3590.4074074074074,136.57758830798974,9.407407407407408,3.975308641975309,74.37037037037038,109.77777777777777,31.62962962962963,34.5076172138144
21200,81,3640.407407407408,137.32682030899446,9.407407407407408,3.975308641975309,74.37037037037038,109.77777777777777,31.62962962962963,34.5076172138144
21250,81,3690.407407407408,139.72692211552464,9.407407407407408,3.975308641975309,74.37037037037038,109.77777777777777,31.62962962962963,34.5076172138144
21300,79,3814.594936708861,142.22760213657938,9.379746835443036,3.9873417721518982,73.60759493670886,109.9493670886076,31.78481012658228,34.454694201218466
21350,79,3864.594936708861,143.65158508213332,9.379746835443036,3.9873417721518982,73.60759493670886,109.9493670886076,31.78481012658228,34.454694201218466
21400,79,3914.594936708861,139.8846969183748,9.379746835443036,3.9873417721518982,73.60759493670886,109.9493670886076,31.78481012658228,34.454694201218466
21450,79,3964.594936708861,141.12061822197438,9.379746835443036,3.9873417721518982,73.60759493670886,109.9493670886076,31.78481012658228,34.454694201218466
21500,78,4046.6794871794873,144.0044645326728,9.35897435897436,3.9871794871794872,73.62820512820512,109.98717948717949,31.84615384615385,34.43488258841358
21550,77,4129.636363636364,146.37321267640058,9.363636363636363,3.9870129870129865,73.87012987012987,109.85714285714286,31.857142857142854,34.440530414237145
21600,76,4147.723684210527,147.77256778736617,9.355263157894736,4.0,71.86842105263158,110.01315789473685,32.0,34.28585117728359
21650,76,4197.723684210527,148.45279479310454,9.355263157894736,4.0,71.86842105263158,110.01315789473685,32.0,34.28585117728359
21700,76,4247.723684210527,150.40096234060462,9.355263157894736,4.0,71.86842105263158,110.01315789473685,32.0,34.28585117728359
21750,76,4297.723684210527,148.13750578524306,9.355263157894736,4.0,71.86842105263158,110.01315789473685,32.0,34.28585117728359
21800,75,4341.586666666667,153.53832633516677,9.36,4.013333333333334,71.0,110.16,32.14666666666667,34.26038049401128
21850,75,4391.586666666667,154.23262153689583,9.36,4.013333333333334,71.0,110.16,32.14666666666667,34.26038049401128
21900,75,4441.586666666667,154.3688992673788,9.36,4.013333333333334,71.0,110.16,32.14666666666667,34.26038049401128
21950,75,4491.586666666667,153.34310196111713,9.36,4.013333333333334,71.0,110.16,32.14666666666667,34.26038049401128
22000,98,3477.887755102041,137.37532468647123,9.326530612244898,4.020408163265306,69.98979591836735,109.91836734693878,32.52040816326531,34.1446389035782
22050,98,3527.887755102041,137.60743425988014,9.326530612244898,4.020408163265306,69.98979591836735,109.91836734693878,32.52040816326531,34.1446389035782
22100,98,3577.887755102041,135.3470563124409,9.326530612244898,4.020408163265306,69.98979591836735,109.91836734693878,32.52040816326531,34.1446389035782
22150,98,3627.887755102041,134.52326988216268,9.326530612244898,4.020408163265306,69.98979591836735,109.91836734693878,32.52040816326531,34.1446389035782
22200,97,3672.412371134021,134.40823154245265,9.329896907216497,4.020618556701032,70.10309278350515,109.94845360824742,32.48453608247423,34.16674858299653
22250,95,3795.294736842105,136.81048248188242,9.347368421052632,4.0210526315789465,70.11578947368422,109.6421052631579,32.27368421052632,34.14920644790172
22300,94,3808.4574468085107,136.83633779998226,9.351063829787234,4.0212765957446805,70.23404255319149,109.67021276595743,32.287234042553195,34.172070346283654
22350,93,3885.3440860215055,136.8786887772653,9.344086021505378,4.032258064516129,69.55913978494624,109.78494623655914,32.40860215053763,34.13955333470921
22400,92,3962.782608695652,135.66670245787577,9.358695652173912,4.032608695652174,69.52173913043478,109.69565217391305,32.17391304347826,34.14107021878214
22450,90,4047.3,137.2201877870316,9.366666666666667,4.044444444444443,68.97777777777777,109.72222222222223,32.177777777777784,34.13091453005833
22500,90,4097.3,137.84991927566867,9.366666666666667,4.044444444444443,68.97777777777777,109.72222222222223,32.177777777777784,34.13091453005833
22550,90,4147.3,137.0907166113064,9.366666666666667,4.044444444444443,68.97777777777777,109.72222222222223,32.177777777777784,34.13091453005833
22600,90,4197.3,137.1314634002087,9.366666666666667,4.044444444444443,68.97777777777777,109.72222222222223,32.177777777777784,34.13091453005833
22650,88,4237.988636363636,140.08748212460458,9.375,4.045454545454546,69.06818181818181,109.7840909090909,32.14772727272727,34.156617133014194
22700,88,4287.988636363636,139.57443022934578,9.375,4.045454545454546,69.06818181818181,109.7840909090909,32.14772727272727,34.156617133014194
22750,87,4379.137931034483,142.55174315981571,9.379310344827584,4.057471264367816,68.28735632183907,109.90804597701151,32.27586206896552,34.13317419864992
22800,87,4429.137931034483,143.30365611095644,9.379310344827584,4.057471264367816,68.28735632183907,109.90804597701151,32.27586206896552,34.13317419864992
22850,87,4479.137931034483,144.76497099453502,9.379310344827584,4.057471264367816,68.28735632183907,109.90804597701151,32.27586206896552,34.13317419864992
22900,87,4529.137931034483,146.2991074132839,9.379310344827584,4.057471264367816,68.28735632183907,109.90804597701151,32.27586206896552,34.13317419864992
22950,87,4579.137931034483,146.72102936276082,9.379310344827584,4.057471264367816,68.28735632183907,109.90804597701151,32.27586206896552,34.13317419864992
23000,114,3438.578947368421,132.23331463214882,9.324561403508772,4.0701754385964914,67.73684210526315,109.4561403508772,32.421052631578945,34.01319006364251
23050,113,3501.2389380530967,134.201057637361,9.327433628318584,4.079646017699115,67.31858407079646,109.54867256637169,32.52212389380531,34.011570927721586
23100,113,3551.2389380530967,138.80909683964734,9.327433628318584,4.079646017699115,67.31858407079646,109.54867256637169,32.52212389380531,34.011570927721586
23150,112,3623.044642857143,137.4094685241494,9.339285714285714,4.080357142857143,67.33035714285714,109.59821428571428,32.49107142857143,34.02953138243338
23200,111,3659.225225225225,137.68493111767606,9.342342342342342,4.081081081081081,67.44144144144144,109.62162162162164,32.5045045045045,34.047815448941805
23250,108,3740.2962962962956,142.6210055390859,9.351851851851851,4.101851851851852,66.19444444444444,109.8425925925926,32.71296296296296,34.01773342580672
23300,107,3822.841121495327,140.9804655480972,9.355140186915886,4.102803738317757,66.25233644859814,109.86915887850469,32.728971962616825,34.0272449531507
23350,107,3872.841121495327,142.5691888441234,9.355140186915886,4.102803738317757,66.25233644859814,109.86915887850469,32.728971962616825,34.0272449531507
23400,106,3955.9905660377362,142.98164322244128,9.358490566037736,4.09433962264151,66.35849056603773,109.98113207547169,32.74528301886792,34.025800661317234
23450,106,4005.9905660377362,142.26606608157684,9.358490566037736,4.09433962264151,66.35849056603773,109.98113207547169,32.74528301886792,34.025800661317234
23500,106,4055.9905660377362,137.56893813900606,9.358490566037736,4.09433962264151,66.35849056603773,109.98113207547169,32.74528301886792,34.025800661317234
23550,105,4139.790476190477,136.43710304739523,9.380952380952381,4.095238095238095,66.36190476190477,110.0095238095238,32.76190476190476,34.054617810472635
23600,105,4189.790476190477,131.74689905705463,9.380952380952381,4.095238095238095,66.36190476190477,110.0095238095238,32.76190476190476,34.054617810472635
23650,103,4202.543689320389,131.5807971245313,9.349514563106796,4.097087378640777,66.4368932038835,110.06796116504854,32.79611650485437,34.04596961261773
23700,103,4252.543689320389,133.04922683081568,9.349514563106796,4.097087378640777,66.4368932038835,110.06796116504854,32.79611650485437,34.04596961261773
23750,102,4298.0490196078445,134.48803997898298,9.352941176470589,4.098039215686274,66.50980392156863,110.09803921568628,32.823529411764696,34.06602813823164
23800,102,4348.0490196078445,134.04328236034894,9.352941176470589,4.098039215686274,66.50980392156863,110.09803921568628,32.823529411764696,34.06602813823164
23850,101,4423.178217821782,134.44297100386297,9.356435643564355,4.099009900990099,66.5841584158416,110.12871287128714,32.82178217821782,34.08648386237254
23900,100,4508.81,139.15227805851234,9.36,4.1,66.66,110.05,32.88,34.097348700996264
23950,100,4558.81,140.12207693673986,9.36,4.1,66.66,110.05,32.88,34.097348700996264
24000,126,3651.888888888889,132.63299737429347,9.404761904761905,4.126984126984127,66.5,110.54761904761904,33.03968253968254,34.252515154163646
24050,126,3701.888888888889,132.73982766761486,9.404761904761905,4.126984126984127,66.5,110.54761904761904,33.03968253968254,34.252515154163646
24100,126,3751.888888888889,130.57015709069978,9.404761904761905,4.126984126984127,66.5,110.54761904761904,33.03968253968254,34.252515154163646
24150,125,3791.032,130.86453380360186,9.408,4.128,66.50399999999999,110.57600000000001,33.032,34.262535275396964
24200,124,3741.33870967742,131.02162072365732,9.403225806451612,4.137096774193549,65.87096774193549,110.66935483870968,33.12903225806452,34.23081255646705
24250,123,3820.056910569105,131.87499028404142,9.40650406504065,4.130081300813009,65.92682926829268,110.69918699186992,33.13008130081301,34.223092822068416
24300,122,3899.245901639344,133.93086078768394,9.401639344262296,4.131147540983608,65.8688524590164,110.63934426229507,33.14754098360656,34.208528009134554
24350,120,3900.758333333333,137.403850058252,9.408333333333333,4.133333333333334,65.94166666666666,110.7,33.141666666666666,34.23700347595346
24400,117,3938.982905982906,139.5026652084987,9.401709401709402,4.136752136752137,65.91452991452991,110.87179487179488,33.11965811965812,34.26017450525141
24450,117,3988.982905982906,138.34927474383483,9.401709401709402,4.136752136752137,65.91452991452991,110.87179487179488,33.11965811965812,34.26017450525141
24500,116,4017.6982758620693,139.30302442399216,9.405172413793103,4.137931034482759,65.91379310344827,110.90517241379312,33.11206896551724,34.271038078572545
24550,115,3959.104347826087,140.55018643644578,9.408695652173913,4.139130434782609,65.91304347826087,110.9391304347826,33.13043478260869,34.28209058360361
24600,114,3933.684210526316,142.05658342019092,9.412280701754383,4.140350877192983,65.85087719298245,110.87719298245615,33.14912280701754,34.275793132582585
24650,113,4013.088495575221,141.54202975510768,9.415929203539825,4.141592920353983,65.84955752212389,110.91150442477877,33.12389380530973,34.287083337295705
24700,113,4063.088495575221,140.8493906351799,9.415929203539825,4.141592920353983,65.84955752212389,110.91150442477877,33.12389380530973,34.287083337295705
24750,113,4113.088495575221,143.3630479260351,9.415929203539825,4.141592920353983,65.84955752212389,110.91150442477877,33.12389380530973,34.287083337295705
24800,112,4184.107142857143,142.52719306268878,9.419642857142858,4.151785714285714,65.41071428571429,111.01785714285714,33.24107142857143,34.287895220461685
24850,110,4131.854545454546,142.88908010348905,9.409090909090908,4.163636363636364,64.73636363636363,111.17272727272729,33.32727272727273,34.264073747900014
24900,110,4181.854545454546,141.14813178188126,9.409090909090908,4.163636363636364,64.73636363636363,111.17272727272729,33.32727272727273,34.264073747900014
24950,110,4231.854545454546,141.2667957046585,9.409090909090908,4.163636363636364,64.73636363636363,111.17272727272729,33.32727272727273,34.264073747900014
25000,152,3094.8486842105267,127.19405744672464,9.421052631578947,4.164473684210527,64.49342105263158,111.23026315789473,33.19736842105263,34.269889753114484
25050,152,3144.8486842105267,127.30930206223331,9.421052631578947,4.164473684210527,64.49342105263158,111.23026315789473,33.19736842105263,34.269889753114484
25100,151,3202.0331125827806,129.1016413412435,9.423841059602651,4.1655629139072845,64.47019867549669,111.25827814569536,33.17880794701987,34.27829961902915
25150,150,3212.66,129.9616561262543,9.433333333333334,4.166666666666667,64.46,111.28666666666666,33.16,34.293488283156016
25200,149,3269.711409395973,129.38070713768843,9.416107382550337,4.167785234899329,64.49664429530202,111.31543624161074,33.20134228187919,34.28874659378122
